speaker1,speaker1_token_number,speaker1_expression_token_number,speaker1_expression_number,speaker1_er_ratio,speaker2,speaker2_token_number,speaker2_expression_token_number,speaker2_expression_number,speaker2_er_ratio,speaker3,speaker3_token_number,speaker3_expression_token_number,speaker3_expression_number,speaker3_er_ratio,speaker4,speaker4_token_number,speaker4_expression_token_number,speaker4_expression_number,speaker4_er_ratio,total_token_number,total_er_token_number,av_er_ratio,total_er_number,file
S0653,639,426,349,0.6666666666666666,S0655,391,53,44,0.13554987212276215,S0654,504,233,159,0.4623015873015873,S0652,309,163,118,0.5275080906148867,1843,875,0.4747693977211069,670,SN2C.tsv
S0554,1337,872,653,0.6522064323111444,S0405,1608,937,717,0.5827114427860697,S0555,876,487,349,0.5559360730593608,S0402,32,24,13,0.75,3853,2320,0.6021282117830262,1732,S29Q.tsv
S0330,1471,987,750,0.6709721278042148,S0331,1442,916,680,0.6352288488210819,S0328,2835,1704,1286,0.6010582010582011,S0326,1370,818,591,0.5970802919708029,7118,4425,0.6216633885923012,3307,SNPA.tsv
S0689,2310,1546,1133,0.6692640692640692,S0687,3376,2098,1567,0.6214454976303317,S0690,751,397,290,0.5286284953395473,S0688,2005,1216,899,0.6064837905236907,8442,5257,0.6227197346600332,3889,SAVN.tsv
S0588,1567,975,744,0.6222080408423739,S0590,6387,4305,3260,0.6740253640206669,S0589,3371,2240,1657,0.6644912488875705,S0591,1849,1217,902,0.6581936181719849,13174,8737,0.6632002429026871,6563,SCXG.tsv
S0144,524,311,232,0.5935114503816794,S0012,1735,1022,764,0.5890489913544669,S0013,940,564,425,0.6,S0024,1626,1132,823,0.6961869618696187,4825,3029,0.6277720207253886,2244,SQD6.tsv
S0661,2274,1389,982,0.6108179419525066,S0663,6963,5072,3362,0.7284216573316099,S0660,4504,2947,2067,0.6543072824156305,S0662,4196,2744,1873,0.6539561487130601,17937,12152,0.6774822991581647,8284,SXLC.tsv
S0350,3821,2489,1640,0.6514001570269563,S0363,3467,2337,1614,0.6740698009806749,S0336,6313,4401,2976,0.6971329003643276,S0349,3057,2051,1359,0.6709192018318613,16658,11278,0.6770320566694681,7589,SMZV.tsv
S0309,3419,1241,1053,0.36297162913132497,S0268,583,441,323,0.7564322469982847,S0308,780,554,402,0.7102564102564103,S0266,255,207,153,0.8117647058823529,5037,2443,0.48501091919793526,1931,S9RV.tsv
S0199,4929,3664,2435,0.7433556502333131,S0192,13112,8931,6426,0.6811317876754118,S0193,4440,2480,1831,0.5585585585585585,S0191,131,100,66,0.7633587786259542,22612,15175,0.6711038386697329,10758,S7JH.tsv
S0003,1704,1060,784,0.6220657276995305,S0130,1769,1127,812,0.6370830977953647,S0113,678,448,323,0.6607669616519174,S0159,449,282,198,0.6280623608017817,4600,2917,0.6341304347826087,2117,S7DT.tsv
S0391,1440,961,700,0.6673611111111111,S0393,1126,647,457,0.5746003552397868,S0392,1819,1029,774,0.565695437053326,S0397,1701,1044,770,0.6137566137566137,6086,3681,0.6048307591192902,2701,SNE5.tsv
S0571,7892,5253,3619,0.6656107450582869,S0517,8882,6090,4312,0.6856563836973655,S0572,910,630,419,0.6923076923076923,S0570,1194,1008,649,0.8442211055276382,18878,12981,0.6876258078186248,8999,SN3D.tsv
S0080,876,547,416,0.6244292237442922,S0072,759,440,350,0.5797101449275363,S0134,973,637,490,0.6546762589928058,S0128,806,474,374,0.5880893300248139,3414,2098,0.6145284124194493,1630,S5SJ.tsv
S0188,880,574,419,0.6522727272727272,S0187,1582,905,678,0.5720606826801518,S0387,1267,678,525,0.5351223362273086,S0200,690,469,342,0.6797101449275362,4419,2626,0.5942520932337633,1964,SLPW.tsv
S0688,1669,1017,754,0.609346914319952,S0687,2515,1513,1139,0.6015904572564612,S0689,1509,958,692,0.634857521537442,S0690,338,219,167,0.6479289940828402,6031,3707,0.6146576023876638,2752,SWSL.tsv
S0506,738,402,315,0.5447154471544715,S0428,1031,565,432,0.5480116391852571,S0478,1377,825,611,0.599128540305011,S0505,1203,888,679,0.7381546134663342,4349,2680,0.6162336169234307,2037,SM6J.tsv
S0391,1865,1191,978,0.6386058981233244,S0390,1650,1115,895,0.6757575757575758,S0392,868,479,384,0.5518433179723502,S0393,15,5,4,0.3333333333333333,4398,2790,0.6343792633015006,2261,SAZY.tsv
S0456,2259,1304,1021,0.5772465692784418,S0457,2224,1600,1193,0.7194244604316546,S0458,1815,1155,864,0.6363636363636364,S0459,129,64,49,0.49612403100775193,6427,4123,0.6415123696903687,3127,S68E.tsv
S0405,3017,2032,1485,0.6735167384819357,S0402,2026,1324,950,0.6535044422507403,S0555,1506,874,612,0.5803452855245684,S0556,2719,1673,1208,0.6152997425524089,9268,5903,0.6369227449287872,4255,S3QD.tsv
S0144,576,330,261,0.5729166666666666,S0024,1404,788,619,0.5612535612535613,S0012,1430,920,699,0.6433566433566433,S0013,389,223,171,0.5732647814910026,3799,2261,0.5951566201632008,1750,SQ2D.tsv
S0530,1741,1049,819,0.6025272831705916,S0529,1439,904,679,0.6282140375260598,S0531,1801,1152,907,0.6396446418656302,S0533,279,137,109,0.4910394265232975,5260,3242,0.6163498098859316,2514,SCZZ.tsv
S0193,6340,3965,2842,0.6253943217665615,S0192,9786,7355,5113,0.7515838953607193,S0199,3614,2417,1656,0.6687880464858882,S0191,91,56,43,0.6153846153846154,19831,13793,0.6955272048812465,9654,SVZB.tsv
S0251,2836,1832,1329,0.6459802538787024,S0368,2617,1938,1341,0.7405426060374475,S0369,7143,4740,3415,0.6635867282654347,S0252,1552,1091,784,0.7029639175257731,14148,9601,0.678611817924795,6869,SWPV.tsv
S0208,678,463,341,0.6828908554572272,S0202,2523,1474,1088,0.5842251288149028,S0216,2282,1231,898,0.5394390885188431,S0219,455,314,219,0.6901098901098901,5938,3482,0.5863927248231728,2546,SR82.tsv
S0191,466,334,219,0.7167381974248928,S0189,922,698,487,0.7570498915401301,S0192,4328,2310,1724,0.5337338262476895,S0199,2125,672,504,0.31623529411764706,7841,4014,0.5119244994260936,2934,SRYY.tsv
S0368,931,638,479,0.6852846401718582,S0251,1531,915,666,0.5976485956890921,S0252,753,359,275,0.4767596281540505,S0369,3024,2096,1641,0.6931216931216931,6239,4008,0.642410642731207,3061,S7QE.tsv
S0326,3979,2635,1880,0.6622266901231465,S0331,5442,3776,2641,0.6938625505328924,S0328,4183,2897,1979,0.6925651446330385,S0330,2985,2092,1389,0.7008375209380234,16589,11400,0.6872023630116342,7889,STWC.tsv
S0144,1716,1160,859,0.675990675990676,S0024,2854,1592,1270,0.5578135949544499,S0012,128,109,72,0.8515625,S0013,18,17,12,0.9444444444444444,4716,2878,0.6102629346904156,2213,ST56.tsv
S0209,881,580,428,0.6583427922814983,S0208,871,545,401,0.6257175660160735,S0202,913,400,310,0.43811610076670315,S0210,689,462,327,0.6705370101596516,3354,1987,0.5924269528920691,1466,S452.tsv
S0192,21515,15491,10385,0.7200092958401115,S0227,9248,6370,4195,0.6887975778546713,S0190,3737,2912,1725,0.7792346802247793,S0189,3895,2693,1660,0.6913992297817715,38395,27466,0.7153535616616747,17965,SAUR.tsv
S0202,1077,770,554,0.7149489322191273,S0204,1815,952,687,0.5245179063360882,S0206,1995,990,718,0.49624060150375937,S0205,2236,1539,1063,0.6882826475849732,7123,4251,0.5967991015021761,3022,SK8T.tsv
S0104,3281,2185,1595,0.665955501371533,S0167,1333,910,642,0.6826706676669168,S0176,1643,1047,728,0.6372489348752283,S0185,1606,1073,768,0.6681195516811955,7863,5215,0.6632328627750222,3733,S7DR.tsv
S0401,819,561,441,0.684981684981685,S0261,1037,684,506,0.6595949855351977,S0388,1486,924,682,0.6218034993270525,S0262,2558,1407,1098,0.5500390930414386,5900,3576,0.6061016949152542,2727,SBQZ.tsv
S0415,239,121,103,0.5062761506276151,S0418,80,20,20,0.25,S0417,290,136,121,0.4689655172413793,S0416,218,107,91,0.4908256880733945,827,384,0.46432889963724305,335,SPC7.tsv
S0024,2410,1615,1247,0.6701244813278008,S0144,922,527,392,0.571583514099783,S0012,1545,930,706,0.6019417475728155,S0013,797,505,372,0.6336260978670013,5674,3577,0.6304194571730701,2717,S2UJ.tsv
S0008,8909,6022,4259,0.6759456729150297,S0012,5955,4287,2941,0.7198992443324937,S0013,1700,1149,866,0.6758823529411765,S0024,1095,877,588,0.8009132420091324,17659,12335,0.6985106744436265,8654,S5PW.tsv
S0688,756,378,297,0.5,S0689,893,609,474,0.6819708846584547,S0687,1128,690,543,0.6117021276595744,S0690,22,8,8,0.36363636363636365,2799,1685,0.6020007145409074,1322,S5J8.tsv
S0428,637,388,309,0.609105180533752,S0505,2183,1200,963,0.5497022446174988,S0478,793,502,397,0.6330390920554855,S0506,297,204,168,0.6868686868686869,3910,2294,0.5867007672634271,1837,S7PU.tsv
S0328,4247,2900,1949,0.6828349423122204,S0326,2188,1225,815,0.5598720292504571,S0383,7544,4874,3301,0.6460763520678685,S0330,2506,1898,1194,0.7573822825219473,16485,10897,0.6610251744009705,7259,SDJA.tsv
S0590,7450,5491,3884,0.7370469798657718,S0591,1659,1054,765,0.6353224834237492,S0589,6251,3875,2860,0.6199008158694609,S0588,4107,2818,2009,0.6861456050645239,19467,13238,0.6800226023526994,9518,SVBB.tsv
S0415,124,69,61,0.5564516129032258,S0417,5039,3553,2554,0.7051002182972812,S0416,7176,4679,3466,0.6520345596432553,S0418,103,52,52,0.5048543689320388,12442,8353,0.6713550876064941,6133,SV5A.tsv
S0655,729,469,335,0.6433470507544582,S0652,930,524,380,0.5634408602150538,S0653,1604,958,744,0.5972568578553616,S0654,761,406,310,0.533508541392904,4024,2357,0.5857355864811133,1769,STBW.tsv
S0392,1196,761,599,0.6362876254180602,S0397,840,544,423,0.6476190476190476,S0393,370,185,154,0.5,S0391,412,165,131,0.40048543689320387,2818,1655,0.5872959545777147,1307,SPZ4.tsv
S0652,671,404,312,0.6020864381520119,S0655,337,172,127,0.5103857566765578,S0653,1050,526,413,0.5009523809523809,S0654,216,90,60,0.4166666666666667,2274,1192,0.5241864555848724,912,SP45.tsv
S0024,1996,1257,880,0.6297595190380761,S0025,5190,3456,2423,0.6658959537572254,S0144,1987,1258,853,0.6331152491192753,S0062,2369,1551,1030,0.6547066272688898,11542,7522,0.6517068099116271,5186,SWFJ.tsv
S0686,1019,586,449,0.5750736015701668,S0684,923,510,405,0.5525460455037919,S0683,839,572,443,0.6817640047675805,S0685,77,47,35,0.6103896103896104,2858,1715,0.6000699790062981,1332,SGMQ.tsv
S0024,1954,1345,1010,0.6883316274309109,S0013,1049,623,496,0.5938989513822688,S0144,964,652,489,0.6763485477178424,S0012,2408,1636,1222,0.6794019933554817,6375,4256,0.6676078431372549,3217,S99N.tsv
S0084,2579,1675,1173,0.6494765412950756,S0085,2053,1302,921,0.634193862640039,S0083,2451,1594,1127,0.6503467972256222,S0086,974,552,388,0.5667351129363449,8057,5123,0.635844607173886,3609,S5UJ.tsv
S0591,704,411,339,0.5838068181818182,S0588,137,39,32,0.2846715328467153,S0590,1000,587,476,0.587,S0589,968,551,459,0.5692148760330579,2809,1588,0.5653257386970452,1306,S7WW.tsv
S0330,4589,2727,1844,0.5942471126607104,S0331,4947,3644,2501,0.7366080452799677,S0328,6867,4851,3272,0.7064220183486238,S0326,2386,1514,990,0.6345347862531433,18789,12736,0.677843419021768,8607,SKHW.tsv
S0013,366,151,117,0.412568306010929,S0024,1387,875,711,0.6308579668348955,S0012,113,51,39,0.45132743362831856,S0144,718,523,403,0.7284122562674095,2584,1600,0.6191950464396285,1270,S37Y.tsv
S0192,4135,2998,2123,0.7250302297460701,S0230,2859,1826,1274,0.6386848548443512,S0198,6357,4019,2831,0.6322164543023439,S0229,1296,834,561,0.6435185185185185,14647,9677,0.6606813681982658,6789,S8RC.tsv
S0688,2356,1565,1122,0.6642614601018676,S0689,2964,1854,1337,0.6255060728744939,S0687,4080,2490,1819,0.6102941176470589,S0690,452,286,200,0.6327433628318584,9852,6195,0.6288063337393422,4478,S4HW.tsv
S0339,4004,2287,1601,0.5711788211788211,S0338,5977,4302,2994,0.7197590764597624,S0336,2892,2290,1576,0.7918395573997233,S0337,3216,2290,1628,0.7120646766169154,16089,11169,0.6942010068991237,7799,SHAZ.tsv
S0416,128,72,62,0.5625,S0417,364,138,121,0.3791208791208791,S0415,384,191,162,0.4973958333333333,S0418,258,44,42,0.17054263565891473,1134,445,0.3924162257495591,387,S6H4.tsv
S0326,2217,1494,1088,0.6738836265223275,S0331,2383,1457,1089,0.6114141838019304,S0330,1276,811,573,0.6355799373040752,S0328,3128,1912,1391,0.6112531969309463,9004,5674,0.6301643713904931,4141,SQ6Z.tsv
S0475,2953,1916,1546,0.6488316965797494,S0417,609,348,275,0.5714285714285714,S0416,1045,771,544,0.737799043062201,S0415,99,68,49,0.6868686868686869,4706,3103,0.6593710157246069,2414,SFB9.tsv
S0572,1266,672,547,0.5308056872037915,S0517,1303,895,669,0.6868764389869532,S0570,591,432,308,0.7309644670050761,S0571,610,353,259,0.578688524590164,3770,2352,0.6238726790450928,1783,SXK2.tsv
S0655,369,228,184,0.6178861788617886,S0653,1314,719,609,0.5471841704718418,S0652,257,117,87,0.45525291828793774,S0654,191,93,71,0.4869109947643979,2131,1157,0.5429375879868606,951,S39D.tsv
S0690,1577,1046,743,0.663284717818643,S0689,2483,1757,1263,0.7076117599677809,S0687,3353,2028,1473,0.6048314941843126,S0688,2588,1638,1192,0.6329211746522411,10001,6469,0.6468353164683531,4671,S2DD.tsv
S0328,2250,1575,1134,0.7,S0326,895,572,415,0.6391061452513966,S0331,2249,1238,935,0.5504668741662961,S0330,1242,760,540,0.6119162640901772,6636,4145,0.6246232670283303,3024,SUWR.tsv
S0223,2241,765,629,0.3413654618473896,S0202,1133,813,658,0.7175639894086496,S0224,802,614,464,0.7655860349127181,S0225,202,164,120,0.8118811881188119,4378,2356,0.5381452718136135,1871,S99Z.tsv
S0511,3159,2042,1582,0.6464070908515352,S0512,1943,1289,998,0.6634071024189397,S0513,836,585,431,0.6997607655502392,S0514,1528,1013,751,0.6629581151832461,7466,4929,0.6601928743637825,3762,ST25.tsv
S0623,2903,1921,1367,0.6617292456079917,S0611,2275,1492,1042,0.6558241758241758,S0567,1331,792,570,0.5950413223140496,S0620,1099,839,586,0.7634212920837125,7608,5044,0.6629863301787592,3565,SJNC.tsv
S0086,6737,4731,3306,0.7022413537182722,S0046,1049,352,267,0.33555767397521447,S0041,5898,3799,2640,0.6441166497117667,S0169,2935,2371,1534,0.8078364565587735,16619,11253,0.6771165533425597,7747,S3YZ.tsv
S0346,460,270,228,0.5869565217391305,S0336,749,434,354,0.5794392523364486,S0337,529,338,272,0.6389413988657845,S0347,472,226,177,0.4788135593220339,2210,1268,0.5737556561085972,1031,SHCG.tsv
S0144,779,454,329,0.582798459563543,S0024,1135,691,509,0.6088105726872247,S0013,1658,1028,764,0.6200241254523522,S0012,2543,1676,1216,0.6590640975226111,6115,3849,0.6294358135731807,2818,SFXU.tsv
S0123,6782,4681,3290,0.6902093777646712,S0109,2313,1627,1090,0.7034154777345439,S0034,3590,2183,1486,0.6080779944289694,S0050,6106,4166,2818,0.6822797248607927,18791,12657,0.6735671332020648,8684,SJNB.tsv
S0571,2332,1625,1147,0.6968267581475128,S0570,2438,1269,946,0.5205086136177195,S0517,2794,1712,1249,0.6127415891195419,S0572,1191,967,645,0.8119227539882452,8755,5573,0.636550542547116,3987,SVP4.tsv
S0512,797,517,378,0.6486825595984943,S0511,4801,2852,2225,0.5940429077275567,S0514,843,600,428,0.7117437722419929,S0513,1165,695,495,0.5965665236051502,7606,4664,0.6132001051801209,3526,SASC.tsv
S0688,2449,1668,1132,0.6810943242139649,S0689,2457,1244,905,0.5063085063085063,S0690,1688,1082,747,0.6409952606635071,S0687,3076,2217,1526,0.72074122236671,9670,6211,0.64229576008273,4310,SWZA.tsv
S0229,1915,1130,849,0.5900783289817232,S0230,2308,1592,1102,0.6897746967071057,S0192,3580,2398,1671,0.6698324022346369,S0198,5516,3693,2663,0.6695068890500363,13319,8813,0.6616863127862452,6285,SKDA.tsv
S0415,1386,903,735,0.6515151515151515,S0416,599,298,241,0.4974958263772955,S0417,1191,704,568,0.5910999160369438,S0418,82,58,57,0.7073170731707317,3258,1963,0.6025168815224063,1601,SLBG.tsv
S0104,4001,2680,2051,0.6698325418645339,S0376,1139,719,528,0.6312554872695347,S0377,1062,755,533,0.7109227871939736,S0167,1565,943,683,0.602555910543131,7767,5097,0.6562379297025879,3795,SPHU.tsv
S0617,2715,1579,1075,0.5815837937384899,S0614,1639,946,669,0.5771812080536913,S0525,8996,6376,4554,0.7087594486438417,S0641,3093,2470,1657,0.7985774329130294,16443,11371,0.6915404731496686,7955,SUVS.tsv
S0652,980,567,437,0.5785714285714286,S0655,766,484,365,0.6318537859007833,S0653,1393,839,644,0.6022972002871501,S0654,390,228,168,0.5846153846153846,3529,2118,0.6001700198356474,1614,SNCR.tsv
S0517,1357,866,629,0.6381724392041267,S0572,961,572,443,0.595213319458897,S0570,882,594,450,0.673469387755102,S0571,655,390,299,0.5954198473282443,3855,2422,0.6282749675745785,1821,SNMN.tsv
S0415,1042,509,426,0.4884836852207294,S0417,857,544,444,0.6347724620770129,S0416,223,143,111,0.6412556053811659,S0418,8,8,6,1.0,2130,1204,0.5652582159624413,987,SWVQ.tsv
S0227,4911,3081,2457,0.6273671350030544,S0192,2549,1627,1212,0.6382895253040408,S0189,495,332,228,0.6707070707070707,S0190,161,129,85,0.8012422360248447,8116,5169,0.6368900936421883,3982,SJ7N.tsv
S0308,2878,2095,1595,0.7279360667129952,S0309,2249,1184,922,0.5264562027567808,S0266,1406,911,687,0.6479374110953058,S0268,748,431,330,0.5762032085561497,7281,4621,0.634665567916495,3534,SZJ3.tsv
S0689,2503,1719,1231,0.6867758689572513,S0690,1103,652,460,0.5911151405258386,S0687,2768,1666,1216,0.601878612716763,S0688,1953,1155,854,0.5913978494623656,8327,5192,0.6235138705416117,3761,SVD4.tsv
S0370,4298,2905,2057,0.6758957654723127,S0012,2564,1417,1029,0.5526521060842434,S0013,1456,870,607,0.5975274725274725,S0278,4642,3524,2450,0.7591555364067213,12960,8716,0.6725308641975308,6143,SH4V.tsv
S0417,656,443,367,0.6753048780487805,S0416,1210,670,561,0.5537190082644629,S0415,465,237,176,0.5096774193548387,S0418,41,27,23,0.6585365853658537,2372,1377,0.5805227655986509,1127,SCG7.tsv
S0542,8351,5506,3859,0.6593222368578613,S0560,4742,3307,2304,0.69738506959089,S0543,1699,1372,900,0.807533843437316,S0544,1489,1085,737,0.7286769644056413,16281,11270,0.6922179227320189,7800,STH5.tsv
S0144,956,590,464,0.6171548117154811,S0013,230,156,109,0.6782608695652174,S0012,677,450,330,0.6646971935007385,S0024,1176,715,552,0.6079931972789115,3039,1911,0.6288252714708786,1455,S7UX.tsv
S0094,5689,4006,2848,0.7041659342590965,S0095,2275,1481,993,0.650989010989011,S0032,5868,3864,2664,0.6584867075664622,S0021,7251,5264,3657,0.7259688318852572,21083,14615,0.6932125409097377,10162,S23A.tsv
S0567,2494,1754,1178,0.7032878909382518,S0623,6031,3813,2654,0.6322334604543194,S0620,2203,1513,1030,0.6867907399001362,S0611,4226,2573,1770,0.6088499763369617,14954,9653,0.6455129062458205,6632,S2EF.tsv
S0405,5736,3713,2579,0.6473152022315202,S0402,4686,3240,2172,0.6914212548015365,S0555,7093,5109,3343,0.7202876075003525,S0554,1775,1069,716,0.6022535211267606,19290,13131,0.6807153965785381,8810,S784.tsv
S0058,10,0,0,0.0,S0432,3905,2849,1989,0.7295774647887324,S0439,6504,4115,3036,0.6326875768757687,S0428,104,66,45,0.6346153846153846,10523,7030,0.668060439038297,5070,SES6.tsv
S0328,7688,5141,3573,0.6687044745057232,S0331,5126,3569,2393,0.6962543893874366,S0330,6395,4626,3098,0.7233776387802971,S0326,1593,964,665,0.6051475204017577,20802,14300,0.687433900586482,9729,SBM6.tsv
S0252,3723,2604,1888,0.6994359387590653,S0251,2388,1557,1143,0.6520100502512562,S0369,4060,2582,1908,0.635960591133005,S0368,2603,1769,1276,0.6796004610065309,12774,8512,0.6663535306090497,6215,S355.tsv
S0328,3890,2322,1681,0.5969151670951157,S0326,1252,836,580,0.6677316293929713,S0331,2165,1604,1134,0.7408775981524249,S0330,1501,1003,726,0.6682211858760826,8808,5765,0.6545186194368756,4121,S3M9.tsv
S0094,2733,1875,1417,0.686059275521405,S0040,3727,2352,1715,0.6310705661389858,S0095,1590,1201,842,0.7553459119496856,S0001,2656,1538,1133,0.579066265060241,10706,6966,0.6506631795254997,5107,S8JW.tsv
S0121,50,23,19,0.46,S0053,98,23,18,0.23469387755102042,S0124,58,31,28,0.5344827586206896,S0061,821,409,355,0.4981729598051157,1027,486,0.47322297955209347,420,S3TZ.tsv
S0525,11861,8187,5814,0.6902453418767389,S0641,4034,2500,1731,0.6197322756569162,S0617,2951,1963,1351,0.6651982378854625,S0622,4535,3922,2560,0.8648291069459757,23381,16572,0.7087806338479963,11456,SA2J.tsv
S0252,3898,2449,1805,0.6282709081580298,S0368,3294,2308,1646,0.7006678809957498,S0251,2615,1901,1443,0.7269598470363289,S0369,7487,5400,3861,0.7212501669560571,17294,12058,0.6972360356192899,8755,S4QF.tsv
S0655,610,357,277,0.5852459016393443,S0653,1926,1163,932,0.6038421599169262,S0654,426,276,193,0.647887323943662,S0652,762,421,332,0.55249343832021,3724,2217,0.5953276047261009,1734,S3N4.tsv
S0086,1942,1155,822,0.5947476828012358,S0084,1746,1227,852,0.7027491408934707,S0038,5498,3803,2658,0.6917060749363405,S0083,5960,4003,2796,0.6716442953020134,15146,10188,0.6726528456358114,7128,S35U.tsv
S0687,1846,1001,783,0.5422535211267606,S0689,1382,857,668,0.6201157742402316,S0688,1559,964,735,0.6183450930083387,S0690,754,585,434,0.7758620689655172,5541,3407,0.614870961920231,2620,S9ZL.tsv
S0198,7010,5358,3483,0.7643366619115549,S0233,7671,4722,3096,0.6155651153695737,S0192,12318,8188,5534,0.664718298425069,S0234,7908,5417,3503,0.6850025290844715,34907,23685,0.6785172028532959,15616,SL9V.tsv
S0376,904,597,446,0.6603982300884956,S0104,4102,2738,1978,0.6674792784007801,S0374,3586,1893,1461,0.5278862242052426,S0167,2426,2040,1398,0.8408903544929925,11018,7268,0.6596478489744055,5283,SW5B.tsv
S0235,32888,24858,14485,0.7558379956215033,S0192,39977,28912,17625,0.7232158491132401,S0198,27628,20164,11945,0.7298392934703923,S0236,14044,10340,6423,0.736257476502421,114537,84274,0.7357797043750055,50478,SUVQ.tsv
S0192,2537,1679,1246,0.6618052818289318,S0198,4478,2998,2238,0.6694953104064314,S0229,507,303,221,0.5976331360946746,S0230,1961,1379,1013,0.7032126466088731,9483,6359,0.6705683855320046,4718,SN98.tsv
S0604,4307,3220,2115,0.7476201532389134,S0605,1918,1224,825,0.6381647549530761,S0603,7058,4469,3113,0.6331822045905355,S0493,7763,5364,3609,0.6909699858302203,21046,14277,0.678371186923881,9662,SR3K.tsv
S0024,858,586,440,0.682983682983683,S0144,864,519,388,0.6006944444444444,S0012,1768,956,743,0.5407239819004525,S0013,255,151,118,0.592156862745098,3745,2212,0.5906542056074766,1689,SHLT.tsv
S0392,3660,2211,1637,0.6040983606557377,S0390,3458,2477,1756,0.71631000578369,S0391,3139,2222,1569,0.7078687480089201,S0393,2216,1522,1080,0.6868231046931408,12473,8432,0.6760202036398621,6042,S3U3.tsv
S0104,2263,1357,1075,0.5996464869642069,S0110,552,335,279,0.6068840579710145,S0379,987,671,498,0.6798378926038501,S0167,461,288,219,0.6247288503253796,4263,2651,0.6218625381186957,2071,SH5J.tsv
S0330,1684,1179,869,0.7001187648456056,S0326,1711,854,667,0.49912331969608414,S0328,1334,837,623,0.6274362818590704,S0331,1274,734,547,0.576138147566719,6003,3604,0.6003664834249542,2706,STKW.tsv
S0330,3462,2231,1643,0.644425187752744,S0328,2559,1812,1246,0.7080890973036342,S0331,2701,1529,1103,0.5660866345797853,S0326,2784,2161,1431,0.7762212643678161,11506,7733,0.6720841300191205,5423,SUTB.tsv
S0415,148,53,44,0.3581081081081081,S0417,1133,720,544,0.6354810238305384,S0475,1816,1128,932,0.6211453744493393,S0418,10,5,5,0.5,3107,1906,0.61345349211458,1525,S9ZU.tsv
S0393,1814,1082,759,0.5964718853362734,S0545,3448,2245,1620,0.6511020881670534,S0392,6998,4716,3425,0.6739068305230066,S0391,4398,3202,2179,0.7280582082764893,16658,11245,0.6750510265337976,7983,SWY3.tsv
S0024,2004,1429,1009,0.7130738522954092,S0142,8131,4869,3624,0.5988193334153241,S0143,416,183,137,0.43990384615384615,S0144,3573,2447,1739,0.684858662188637,14124,8928,0.6321155480033984,6509,SJNJ.tsv
S0024,2599,1475,1125,0.5675259715275106,S0012,1585,1207,836,0.7615141955835962,S0144,1986,1321,968,0.6651560926485398,S0013,493,297,217,0.6024340770791075,6663,4300,0.6453549452198709,3146,S6EX.tsv
S0370,4815,3031,2290,0.629491173416407,S0012,3087,2237,1591,0.724651765468092,S0278,1151,737,547,0.6403127715030409,S0013,990,755,570,0.7626262626262627,10043,6760,0.6731056457233894,4998,SHC8.tsv
S0343,6443,4297,2894,0.6669253453360235,S0336,14578,10475,7001,0.718548497736315,S0337,5126,3599,2413,0.7021069059695669,S0342,4915,3268,2205,0.6649033570701933,31062,21639,0.6966389801043075,14513,S3LE.tsv
S0428,43,6,5,0.13953488372093023,S0437,1391,812,650,0.5837526959022286,S0438,452,270,207,0.5973451327433629,S0469,881,569,443,0.6458569807037458,2767,1657,0.5988435128297795,1305,SBNU.tsv
S0013,1003,623,468,0.6211365902293121,S0024,1340,834,653,0.6223880597014926,S0144,632,386,293,0.6107594936708861,S0012,1276,803,568,0.6293103448275862,4251,2646,0.6224417784050812,1982,S5TE.tsv
S0058,5296,3566,2517,0.6733383685800605,S0179,8614,5784,4064,0.671465056884142,S0026,9291,6563,4519,0.7063825207189753,S0120,2325,1946,1325,0.836989247311828,25526,17859,0.6996395831701011,12425,SG3Q.tsv
S0246,4131,3001,2003,0.7264584846284192,S0245,1711,1116,764,0.6522501461133839,S0249,3123,1911,1335,0.611911623439001,S0357,2891,1831,1217,0.6333448633690765,11856,7859,0.6628711201079622,5319,S5LP.tsv
S0588,3065,2269,1611,0.7402936378466558,S0590,5607,3639,2671,0.6490101658640984,S0589,2446,1406,1023,0.5748160261651676,S0616,5233,3512,2477,0.6711255493980508,16351,10826,0.6621001773591829,7782,SMK3.tsv
S0418,137,96,81,0.7007299270072993,S0415,1794,1046,812,0.5830546265328874,S0417,1051,667,528,0.6346336822074216,S0416,1337,890,672,0.6656694091249065,4319,2699,0.6249131743459134,2093,S6KV.tsv
S0167,1622,1071,797,0.6602959309494452,S0104,2181,1294,1011,0.5933058230169647,S0379,1595,1007,764,0.6313479623824452,S0373,27,20,16,0.7407407407407407,5425,3392,0.6252534562211982,2588,SZRJ.tsv
S0166,752,509,382,0.6768617021276596,S0118,926,536,420,0.5788336933045356,S0163,517,241,195,0.4661508704061896,S0122,1011,582,466,0.5756676557863502,3206,1868,0.5826575171553338,1463,SHL3.tsv
S0653,2052,1320,1047,0.6432748538011696,S0654,815,463,348,0.5680981595092025,S0652,788,497,368,0.6307106598984772,S0655,1118,721,554,0.644901610017889,4773,3001,0.6287450240938613,2317,SCP7.tsv
S0326,1007,674,443,0.6693147964250248,S0330,2572,1728,1222,0.671850699844479,S0328,2283,894,676,0.3915900131406045,S0383,2686,1950,1330,0.7259865971705137,8548,5246,0.6137108095460927,3671,SDA8.tsv
S0397,2541,1677,1263,0.6599763872491146,S0391,1529,967,695,0.6324395029431,S0392,2195,1422,1069,0.6478359908883827,S0393,956,552,413,0.5774058577405857,7221,4618,0.6395236116881319,3440,SC2T.tsv
S0187,2333,1506,1097,0.6455207886840977,S0200,1697,1112,820,0.6552740129640542,S0387,1598,917,688,0.5738423028785983,S0188,1432,1088,794,0.7597765363128491,7060,4623,0.6548158640226629,3399,S376.tsv
S0392,2540,1672,1258,0.658267716535433,S0397,2204,1383,1004,0.6274954627949183,S0391,1404,866,611,0.6168091168091168,S0393,1525,941,711,0.6170491803278688,7673,4862,0.6336504626612798,3584,SYWR.tsv
S0544,1651,1072,739,0.6493034524530588,S0542,4689,2969,2148,0.6331840477713798,S0560,2685,1741,1260,0.6484171322160149,S0543,16,11,6,0.6875,9041,5793,0.6407477048999004,4153,SNNJ.tsv
S0415,817,420,360,0.5140758873929009,S0417,297,171,139,0.5757575757575758,S0418,84,60,49,0.7142857142857143,S0416,357,165,142,0.46218487394957986,1555,816,0.52475884244373,690,SLU4.tsv
S0617,603,370,269,0.6135986733001658,S0615,3327,2613,1905,0.7853922452660054,S0525,4434,2563,1984,0.5780333784393324,S0614,428,134,102,0.3130841121495327,8792,5680,0.6460418562329391,4260,SEPR.tsv
S0058,2115,1287,1044,0.6085106382978723,S0470,991,454,377,0.4581231079717457,S0428,13,3,3,0.23076923076923078,S0471,759,600,432,0.7905138339920948,3878,2344,0.6044352759154203,1856,SGSK.tsv
S0529,3505,2251,1551,0.6422253922967189,S0530,3566,2091,1493,0.5863712843522154,S0532,3737,2890,1922,0.7733476050307734,S0533,475,409,264,0.8610526315789474,11283,7641,0.6772135070459984,5230,SB5E.tsv
S0653,1376,711,579,0.5167151162790697,S0654,329,204,149,0.6200607902735562,S0655,417,302,221,0.7242206235011991,S0652,492,285,205,0.5792682926829268,2614,1502,0.5745983167559297,1154,SH64.tsv
S0416,1570,1003,776,0.6388535031847133,S0417,1154,753,562,0.6525129982668978,S0475,1583,966,737,0.6102337334175616,S0415,308,236,179,0.7662337662337663,4615,2958,0.6409534127843987,2254,SX2V.tsv
S0369,6577,4036,3111,0.6136536414778775,S0251,2669,1971,1401,0.738478831022855,S0368,1074,785,603,0.7309124767225326,S0252,1934,1396,1031,0.7218200620475698,12254,8188,0.6681899787824384,6146,SCPC.tsv
S0368,1909,1464,1024,0.7668936616029335,S0251,2090,1132,831,0.5416267942583732,S0369,6148,3848,2783,0.6258945998698764,S0252,1272,864,606,0.6792452830188679,11419,7308,0.6399859882651721,5244,SXDQ.tsv
S0329,4460,3308,2298,0.7417040358744394,S0446,2997,1908,1330,0.6366366366366366,S0352,5904,3738,2725,0.633130081300813,S0326,2983,1875,1270,0.6285618504860878,16344,10829,0.6625673029858052,7623,S6JP.tsv
S0587,740,401,342,0.5418918918918919,S0584,336,196,163,0.5833333333333334,S0583,623,381,315,0.6115569823434992,S0585,237,171,138,0.7215189873417721,1936,1149,0.59349173553719,958,SA2B.tsv
S0687,3635,2477,1813,0.6814305364511691,S0688,3549,2114,1565,0.5956607495069034,S0689,3373,2335,1646,0.6922620812333234,S0690,702,387,295,0.5512820512820513,11259,7313,0.6495248245847767,5319,SJM7.tsv
S0012,3191,2148,1530,0.6731432152930116,S0154,5381,3812,2739,0.7084185095707117,S0013,1067,724,566,0.6785379568884724,S0152,6384,4300,3028,0.6735588972431078,16023,10984,0.6855145728015977,7863,SAQD.tsv
S0432,2801,1946,1417,0.6947518743305963,S0500,1756,1149,806,0.6543280182232346,S0503,1597,1029,703,0.6443331246086412,S0499,368,190,142,0.5163043478260869,6522,4314,0.6614535418583257,3068,S4D8.tsv
S0531,1763,1030,742,0.5842314237095859,S0529,3831,2719,1906,0.7097363612633777,S0530,3475,2283,1627,0.656978417266187,S0532,476,291,203,0.6113445378151261,9545,6323,0.6624410686223153,4478,S43M.tsv
S0230,1419,1027,754,0.7237491190979564,S0198,4493,2892,2146,0.6436679278878255,S0192,2341,1365,1006,0.5830841520717642,S0229,1420,987,713,0.6950704225352112,9673,6271,0.6482993900547916,4619,S2KP.tsv
S0108,1051,615,487,0.5851569933396765,S0109,1266,807,622,0.6374407582938388,S0110,539,274,207,0.5083487940630798,S0107,235,128,94,0.5446808510638298,3091,1824,0.5901002911679069,1410,S9WB.tsv
S0564,2336,1660,1213,0.7106164383561644,S0565,505,336,258,0.6653465346534654,S0543,3237,2004,1518,0.6190917516218721,S0544,1921,1114,816,0.5799062988027069,7999,5114,0.63932991623953,3805,SBZ7.tsv
S0270,1953,1333,959,0.6825396825396826,S0268,2339,1236,894,0.5284309533988885,S0266,1399,799,567,0.5711222301644031,S0271,2411,1760,1233,0.7299875570302778,8102,5128,0.6329301407059985,3653,S7A6.tsv
S0511,1909,1084,884,0.5678365636458879,S0513,545,309,248,0.5669724770642202,S0514,689,432,349,0.6269956458635704,S0512,340,220,170,0.6470588235294118,3483,2045,0.5871375251220212,1651,SFSZ.tsv
S0511,2650,1679,1345,0.6335849056603774,S0512,357,235,184,0.6582633053221288,S0513,615,370,284,0.6016260162601627,S0514,1011,612,483,0.6053412462908012,4633,2896,0.6250809410748974,2296,SFQE.tsv
S0337,1981,1259,936,0.6355376072690561,S0346,1979,1306,977,0.6599292572006064,S0336,2865,1912,1407,0.6673647469458988,S0347,1821,1227,906,0.6738056013179572,8646,5704,0.6597270414064307,4226,SM99.tsv
S0336,4790,3155,2129,0.6586638830897703,S0349,1646,913,597,0.554678007290401,S0350,2049,1435,963,0.7003416300634456,S0344,11002,8343,5543,0.7583166696964189,19487,13846,0.7105249653615231,9232,SD3R.tsv
S0316,12455,8938,5899,0.7176234443998394,S0255,16695,11773,7888,0.7051811919736448,S0256,11821,8404,5406,0.7109381609000931,S0260,328,291,176,0.8871951219512195,41299,29406,0.7120269255914187,19369,SMW8.tsv
S0400,2301,1338,941,0.5814863102998696,S0246,4503,2922,2073,0.6489007328447701,S0245,1247,775,536,0.6214915797914996,S0249,4388,3214,2197,0.7324521422060164,12439,8249,0.6631562022670633,5747,STXT.tsv
S0690,723,410,303,0.5670816044260027,S0688,1398,911,659,0.6516452074391988,S0689,2595,1496,1133,0.5764932562620424,S0687,2360,1462,1078,0.6194915254237288,7076,4279,0.6047201808931599,3173,S8CV.tsv
S0688,1171,664,541,0.5670367207514945,S0687,756,479,370,0.6335978835978836,S0690,111,55,44,0.4954954954954955,S0689,820,484,397,0.5902439024390244,2858,1682,0.5885234429671099,1352,S86J.tsv
S0198,5329,3653,2812,0.685494464252205,S0231,3342,2160,1619,0.6463195691202872,S0230,97,81,51,0.8350515463917526,S0229,99,59,41,0.5959595959595959,8867,5953,0.6713657381301454,4523,SVZH.tsv
S0202,4715,3289,2407,0.697560975609756,S0216,3129,1894,1340,0.605305209332055,S0219,1455,934,610,0.6419243986254296,S0208,864,717,485,0.8298611111111112,10163,6834,0.672439240381777,4842,SZ95.tsv
S0652,1191,741,556,0.6221662468513854,S0655,791,494,356,0.6245259165613148,S0653,2186,1301,989,0.5951509606587374,S0654,1014,642,466,0.6331360946745562,5182,3178,0.6132767271323813,2367,S47C.tsv
S0202,1906,1167,901,0.612277019937041,S0208,1397,917,684,0.6564065855404438,S0218,475,189,151,0.39789473684210525,S0222,386,243,172,0.6295336787564767,4164,2516,0.6042267050912584,1908,SEBP.tsv
S0058,2689,1840,1402,0.6842692450725176,S0026,2594,1470,1142,0.566692367000771,S0120,2108,1334,1040,0.6328273244781784,S0179,639,418,318,0.6541471048513302,8030,5062,0.6303860523038606,3902,SUKT.tsv
S0142,5341,3973,2879,0.7438681894776259,S0024,2544,1553,1121,0.6104559748427673,S0144,2686,1631,1202,0.607222635889799,S0143,1401,771,583,0.550321199143469,11972,7928,0.662211827597728,5785,SP6E.tsv
S0417,456,311,237,0.6820175438596491,S0416,771,455,351,0.5901426718547341,S0475,1738,831,718,0.4781357882623705,S0415,48,13,10,0.2708333333333333,3013,1610,0.5343511450381679,1316,S477.tsv
S0294,5145,3468,2471,0.6740524781341107,S0012,3671,2369,1696,0.6453282484336693,S0295,743,525,345,0.7065948855989233,S0013,717,504,366,0.702928870292887,10276,6866,0.6681588166601791,4878,SVX4.tsv
S0345,4069,2909,2016,0.7149176701892357,S0344,5251,3122,2120,0.5945534183964959,S0337,1880,1218,878,0.6478723404255319,S0336,4539,3203,2168,0.7056620400969377,15739,10452,0.6640828515153441,7182,S85D.tsv
S0094,1124,759,604,0.6752669039145908,S0071,1110,617,473,0.5558558558558558,S0087,1207,738,578,0.6114333057166529,S0095,145,76,59,0.5241379310344828,3586,2190,0.6107083100948132,1714,SHKF.tsv
S0393,2034,1271,913,0.6248770894788593,S0391,3657,2520,1750,0.6890894175553732,S0392,3829,2685,1892,0.7012274745364325,S0390,3724,2536,1800,0.6809881847475833,13244,9012,0.680459075807913,6355,SJRQ.tsv
S0144,486,254,200,0.522633744855967,S0024,517,265,220,0.5125725338491296,S0013,259,157,118,0.6061776061776062,S0012,905,566,434,0.625414364640884,2167,1242,0.573142593447162,972,S8YL.tsv
S0104,2383,1643,1295,0.6894670583298363,S0167,1130,551,429,0.48761061946902656,S0379,1289,817,634,0.6338246702870443,S0110,101,68,51,0.6732673267326733,4903,3079,0.627982867632062,2409,SBKM.tsv
S0123,945,430,366,0.455026455026455,S0109,290,149,118,0.5137931034482759,S0034,495,266,214,0.5373737373737374,S0050,355,271,204,0.7633802816901408,2085,1116,0.5352517985611511,902,S5P8.tsv
S0493,4268,2740,2074,0.6419868791002812,S0492,2878,2028,1474,0.7046560111188325,S0666,429,206,161,0.4801864801864802,S0604,2402,1671,1237,0.6956702747710242,9977,6645,0.6660318733086098,4946,SWGV.tsv
S0547,536,342,273,0.6380597014925373,S0548,571,296,239,0.5183887915936952,S0549,877,561,442,0.6396807297605474,S0550,231,124,101,0.5367965367965368,2215,1323,0.5972911963882619,1055,SNK6.tsv
S0547,437,296,227,0.6773455377574371,S0549,911,497,403,0.5455543358946213,S0548,572,350,282,0.6118881118881119,S0550,369,179,140,0.48509485094850946,2289,1322,0.5775447793796418,1052,S2Y5.tsv
S0043,2189,1342,1016,0.6130653266331658,S0039,200,59,42,0.295,S0158,2512,1589,1185,0.6325636942675159,S0126,962,716,480,0.7442827442827443,5863,3706,0.6320996077093638,2723,S7JF.tsv
S0266,424,305,239,0.7193396226415094,S0308,2165,1261,940,0.5824480369515012,S0309,2113,998,758,0.47231424514907716,S0268,294,182,131,0.6190476190476191,4996,2746,0.5496397117694155,2068,SBFN.tsv
S0273,2505,1270,979,0.5069860279441117,S0266,1238,923,645,0.7455573505654282,S0272,3931,2813,2101,0.7155939964385652,S0268,44,31,24,0.7045454545454546,7718,5037,0.6526302150816273,3749,SZBD.tsv
S0260,2096,901,711,0.42986641221374045,S0259,909,589,437,0.647964796479648,S0255,1758,1306,969,0.7428896473265074,S0356,634,526,368,0.8296529968454258,5397,3322,0.6155271447100241,2485,SJFG.tsv
S0475,3670,2455,1816,0.6689373297002725,S0417,2574,1787,1350,0.6942501942501943,S0476,3140,2228,1557,0.7095541401273885,S0418,5,0,0,0.0,9389,6470,0.6891042709553733,4723,SZB2.tsv
S0326,3320,2160,1456,0.6506024096385542,S0329,4467,2977,2017,0.6664428027759123,S0466,5044,3126,2200,0.619746233148295,S0328,4728,3337,2254,0.7057952622673435,17559,11600,0.6606298764166524,7927,SJHL.tsv
S0119,4761,3301,2288,0.6933417349296366,S0173,3373,1976,1423,0.5858286391935962,S0054,5412,3492,2536,0.6452328159645233,S0069,518,336,228,0.6486486486486487,14064,9105,0.6473976109215017,6475,SV49.tsv
S0144,873,561,442,0.6426116838487973,S0013,1196,790,601,0.6605351170568562,S0012,2776,1654,1221,0.595821325648415,S0024,1706,1089,828,0.638335287221571,6551,4094,0.6249427568310182,3092,SCZV.tsv
S0339,1112,776,630,0.697841726618705,S0338,675,355,294,0.5259259259259259,S0337,597,317,273,0.5309882747068677,S0336,251,139,114,0.5537848605577689,2635,1587,0.6022770398481974,1311,S67P.tsv
S0428,1072,690,560,0.6436567164179104,S0479,1042,485,403,0.4654510556621881,S0240,166,112,92,0.6746987951807228,S0478,7,1,1,0.14285714285714285,2287,1288,0.5631832094446874,1056,SQQX.tsv
S0655,368,243,191,0.6603260869565217,S0653,826,392,316,0.4745762711864407,S0654,358,197,157,0.5502793296089385,S0652,528,322,257,0.6098484848484849,2080,1154,0.5548076923076923,921,S8TN.tsv
S0689,2683,1817,1326,0.6772269847185985,S0688,1988,1110,820,0.5583501006036218,S0687,3006,1918,1364,0.6380572188955422,S0690,617,393,284,0.6369529983792545,8294,5238,0.6315408729201832,3794,SKL3.tsv
S0261,3391,2353,1731,0.6938956060159245,S0388,1170,728,552,0.6222222222222222,S0401,1738,1189,909,0.6841196777905638,S0262,4122,2627,1951,0.6373119844735565,10421,6897,0.6618366759428078,5143,SG56.tsv
S0330,728,485,353,0.6662087912087912,S0326,851,530,391,0.6227967097532315,S0331,1516,786,593,0.5184696569920845,S0328,1768,1144,852,0.6470588235294118,4863,2945,0.6055932551922681,2189,SWF6.tsv
S0012,1036,653,517,0.6303088803088803,S0024,956,531,402,0.555439330543933,S0144,299,193,139,0.6454849498327759,S0013,374,197,143,0.5267379679144385,2665,1574,0.5906191369606004,1201,SBPW.tsv
S0588,2894,1930,1399,0.6668970283344852,S0590,6516,4100,2991,0.629220380601596,S0616,6347,4473,3098,0.7047423979832992,S0589,2348,1705,1179,0.7261499148211243,18105,12208,0.6742888704777685,8667,S263.tsv
S0587,4962,3332,2416,0.6715034260378879,S0584,3681,2332,1653,0.6335234990491714,S0643,2157,1432,995,0.6638850254983774,S0682,1562,1234,848,0.7900128040973111,12362,8330,0.6738391845979615,5912,SZAK.tsv
S0411,1715,1115,878,0.6501457725947521,S0417,1391,818,628,0.5880661394680087,S0416,1469,894,699,0.6085772634445201,S0412,139,91,59,0.6546762589928058,4714,2918,0.6190072125583369,2264,STA2.tsv
S0673,622,408,319,0.6559485530546624,S0674,582,252,210,0.4329896907216495,S0675,1328,834,656,0.6280120481927711,S0671,848,523,405,0.6167452830188679,3380,2017,0.5967455621301775,1590,SA9P.tsv
S0278,8383,6055,4231,0.7222951210783729,S0012,1493,919,635,0.6155391828533154,S0013,2043,1581,1103,0.7738619676945668,S0370,3105,1747,1228,0.5626409017713365,15024,10302,0.685702875399361,7197,SFER.tsv
S0517,7445,5333,3502,0.7163196776359974,S0570,6163,4350,2879,0.7058250851857861,S0572,3654,2069,1426,0.5662287903667214,S0571,10676,7796,5028,0.7302360434619708,27938,19548,0.6996921755315341,12835,S4TV.tsv
S0208,968,588,453,0.6074380165289256,S0219,657,499,338,0.7595129375951294,S0202,2540,1547,1195,0.6090551181102363,S0216,877,580,413,0.661345496009122,5042,3214,0.6374454581515272,2399,SJSS.tsv
S0689,1776,1084,814,0.6103603603603603,S0688,2135,1390,1033,0.6510538641686182,S0687,2292,1504,1127,0.6561954624781849,S0690,1535,856,652,0.5576547231270358,7738,4834,0.6247092271904885,3626,SLJW.tsv
S0210,193,82,72,0.42487046632124353,S0208,434,265,226,0.6105990783410138,S0212,451,283,221,0.6274944567627494,S0202,662,389,320,0.5876132930513596,1740,1019,0.585632183908046,839,SKA7.tsv
S0361,4972,3172,2249,0.6379726468222043,S0261,2443,1710,1223,0.6999590667212444,S0262,3048,2160,1681,0.7086614173228346,S0360,5555,3768,2782,0.6783078307830783,16018,10810,0.6748657760019977,7935,SYHP.tsv
